<?xml version="1.0" encoding="UTF-8"?>
<project-private xmlns="http://www.netbeans.org/ns/project-private/1">
    <editor-bookmarks xmlns="http://www.netbeans.org/ns/editor-bookmarks/2" lastBookmarkId="0"/>
    <open-files xmlns="http://www.netbeans.org/ns/projectui-open-files/2">
        <group>
            <file>file:/H:/Noora/Documents/CV%20projektit/gui_project_noora_toimela/ProjectWork/src/ProjectWorkPackage/ImageEditor.java</file>
            <file>file:/H:/Noora/Documents/CV%20projektit/gui_project_noora_toimela/ProjectWork/src/ProjectWorkPackage/Painting.java</file>
        </group>
    </open-files>
</project-private>
